,stateid,timeid,dose1,dose2
0,AP,1.0,0,0
1,AP,2.0,0,0
2,AP,3.0,0,0
3,AP,4.0,0,0
4,AP,5.0,0,0
5,AP,6.0,0,0
6,AP,7.0,0,0
7,AP,8.0,0,0
8,AP,9.0,0,0
9,AP,10.0,0,0
10,AP,11.0,0,0
11,AP,12.0,0,0
12,AP,13.0,0,0
13,AP,14.0,0,0
14,AP,15.0,0,0
15,AP,16.0,0,0
16,AP,17.0,0,0
17,AP,18.0,0,0
18,AP,19.0,0,0
19,AP,20.0,0,0
20,AP,21.0,0,0
21,AP,22.0,0,0
22,AP,23.0,0,0
23,AP,24.0,0,0
24,AP,25.0,0,0
25,AP,26.0,0,0
26,AP,27.0,0,0
27,AP,28.0,0,0
28,AP,29.0,0,0
29,AP,30.0,0,0
30,AP,31.0,0,0
31,AP,32.0,0,0
32,AP,33.0,0,0
33,AP,34.0,0,0
34,AP,35.0,0,0
35,AP,36.0,0,0
36,AP,37.0,0,0
37,AP,38.0,0,0
38,AP,39.0,0,0
39,AP,40.0,0,0
40,AP,41.0,0,0
41,AP,42.0,0,0
42,AP,43.0,0,0
43,AP,44.0,4216,0
44,AP,45.0,66164,0
45,AP,46.0,63191,0
46,AP,47.0,112367,0
47,AP,48.0,67569,6233
48,AP,49.0,100311,81237
49,AP,50.0,122137,50342
50,AP,51.0,117103,45307
51,AP,52.0,195605,54193
52,AP,53.0,445838,61917
53,AP,54.0,667934,73728
54,AP,55.0,604379,47066
55,AP,56.0,714537,101863
56,AP,57.0,728589,76034
57,AP,58.0,533378,528629
58,AP,59.0,631642,392788
59,AP,60.0,261632,454871
60,AP,61.0,48122,193005
61,AP,62.0,79646,180783
62,AP,63.0,1710375,133539
63,AP,64.0,956613,90939
64,AP,65.0,1025779,47528
65,AP,66.0,593828,32276
66,AP,67.0,2069992,254321
67,AP,68.0,1251921,361815
68,AP,69.0,299752,204683
69,AP,70.0,1035127,644884
70,AP,71.0,402582,537279
71,AP,72.0,1186472,917332
72,AP,73.0,1380322,567504
73,AP,74.0,1039018,345116
74,AR,1.0,0,0
75,AR,2.0,0,0
76,AR,3.0,0,0
77,AR,4.0,0,0
78,AR,5.0,0,0
79,AR,6.0,0,0
80,AR,7.0,0,0
81,AR,8.0,0,0
82,AR,9.0,0,0
83,AR,10.0,0,0
84,AR,11.0,0,0
85,AR,12.0,0,0
86,AR,13.0,0,0
87,AR,14.0,0,0
88,AR,15.0,0,0
89,AR,16.0,0,0
90,AR,17.0,0,0
91,AR,18.0,0,0
92,AR,19.0,0,0
93,AR,20.0,0,0
94,AR,21.0,0,0
95,AR,22.0,0,0
96,AR,23.0,0,0
97,AR,24.0,0,0
98,AR,25.0,0,0
99,AR,26.0,0,0
100,AR,27.0,0,0
101,AR,28.0,0,0
102,AR,29.0,0,0
103,AR,30.0,0,0
104,AR,31.0,0,0
105,AR,32.0,0,0
106,AR,33.0,0,0
107,AR,34.0,0,0
108,AR,35.0,0,0
109,AR,36.0,0,0
110,AR,37.0,0,0
111,AR,38.0,0,0
112,AR,39.0,0,0
113,AR,40.0,0,0
114,AR,41.0,0,0
115,AR,42.0,0,0
116,AR,43.0,0,0
117,AR,44.0,81,0
118,AR,45.0,2365,0
119,AR,46.0,4045,0
120,AR,47.0,2797,0
121,AR,48.0,3963,456
122,AR,49.0,6767,3764
123,AR,50.0,5885,2742
124,AR,51.0,11346,2690
125,AR,52.0,8860,2904
126,AR,53.0,10377,3944
127,AR,54.0,11366,3469
128,AR,55.0,10262,2651
129,AR,56.0,23642,6926
130,AR,57.0,32191,7263
131,AR,58.0,28718,9706
132,AR,59.0,27245,9099
133,AR,60.0,17836,14280
134,AR,61.0,11013,7987
135,AR,62.0,26396,191
136,AR,63.0,9292,198
137,AR,64.0,39729,330
138,AR,65.0,37188,429
139,AR,66.0,67181,593
140,AR,67.0,71623,1717
141,AR,68.0,64082,8122
142,AR,69.0,55752,22204
143,AR,70.0,37351,24789
144,AR,71.0,25971,22686
145,AR,72.0,17741,15395
146,AR,73.0,16958,8849
147,AR,74.0,12954,16353
148,AS,1.0,0,0
149,AS,2.0,0,0
150,AS,3.0,0,0
151,AS,4.0,0,0
152,AS,5.0,0,0
153,AS,6.0,0,0
154,AS,7.0,0,0
155,AS,8.0,0,0
156,AS,9.0,0,0
157,AS,10.0,0,0
158,AS,11.0,0,0
159,AS,12.0,0,0
160,AS,13.0,0,0
161,AS,14.0,0,0
162,AS,15.0,0,0
163,AS,16.0,0,0
164,AS,17.0,0,0
165,AS,18.0,0,0
166,AS,19.0,0,0
167,AS,20.0,0,0
168,AS,21.0,0,0
169,AS,22.0,0,0
170,AS,23.0,0,0
171,AS,24.0,0,0
172,AS,25.0,0,0
173,AS,26.0,0,0
174,AS,27.0,0,0
175,AS,28.0,0,0
176,AS,29.0,0,0
177,AS,30.0,0,0
178,AS,31.0,0,0
179,AS,32.0,0,0
180,AS,33.0,0,0
181,AS,34.0,0,0
182,AS,35.0,0,0
183,AS,36.0,0,0
184,AS,37.0,0,0
185,AS,38.0,0,0
186,AS,39.0,0,0
187,AS,40.0,0,0
188,AS,41.0,0,0
189,AS,42.0,0,0
190,AS,43.0,0,0
191,AS,44.0,401,0
192,AS,45.0,3660,0
193,AS,46.0,26512,0
194,AS,47.0,47925,0
195,AS,48.0,43552,2006
196,AS,49.0,31279,8584
197,AS,50.0,42047,17168
198,AS,51.0,148225,24810
199,AS,52.0,126257,31299
200,AS,53.0,87796,24516
201,AS,54.0,332813,33017
202,AS,55.0,140106,32003
203,AS,56.0,205557,76554
204,AS,57.0,59332,40762
205,AS,58.0,297490,122152
206,AS,59.0,427578,140664
207,AS,60.0,325788,103004
208,AS,61.0,285358,74338
209,AS,62.0,306857,46646
210,AS,63.0,308167,49656
211,AS,64.0,220749,20593
212,AS,65.0,374072,69556
213,AS,66.0,427672,138079
214,AS,67.0,1389486,127319
215,AS,68.0,643862,111854
216,AS,69.0,263231,50524
217,AS,70.0,671272,181569
218,AS,71.0,720674,184910
219,AS,72.0,751281,217665
220,AS,73.0,1480218,220949
221,AS,74.0,1240836,292703
222,BR,1.0,0,0
223,BR,2.0,0,0
224,BR,3.0,0,0
225,BR,4.0,0,0
226,BR,5.0,0,0
227,BR,6.0,0,0
228,BR,7.0,0,0
229,BR,8.0,0,0
230,BR,9.0,0,0
231,BR,10.0,0,0
232,BR,11.0,0,0
233,BR,12.0,0,0
234,BR,13.0,0,0
235,BR,14.0,0,0
236,BR,15.0,0,0
237,BR,16.0,0,0
238,BR,17.0,0,0
239,BR,18.0,0,0
240,BR,19.0,0,0
241,BR,20.0,0,0
242,BR,21.0,0,0
243,BR,22.0,0,0
244,BR,23.0,0,0
245,BR,24.0,0,0
246,BR,25.0,0,0
247,BR,26.0,0,0
248,BR,27.0,0,0
249,BR,28.0,0,0
250,BR,29.0,0,0
251,BR,30.0,0,0
252,BR,31.0,0,0
253,BR,32.0,0,0
254,BR,33.0,0,0
255,BR,34.0,0,0
256,BR,35.0,0,0
257,BR,36.0,0,0
258,BR,37.0,0,0
259,BR,38.0,0,0
260,BR,39.0,0,0
261,BR,40.0,0,0
262,BR,41.0,0,0
263,BR,42.0,0,0
264,BR,43.0,0,0
265,BR,44.0,2967,0
266,BR,45.0,35442,0
267,BR,46.0,67342,0
268,BR,47.0,224576,0
269,BR,48.0,121379,55
270,BR,49.0,67654,38347
271,BR,50.0,39961,39826
272,BR,51.0,84363,106740
273,BR,52.0,429095,107410
274,BR,53.0,379926,75699
275,BR,54.0,637591,40374
276,BR,55.0,672940,24127
277,BR,56.0,1190747,104666
278,BR,57.0,941202,145577
279,BR,58.0,585058,199000
280,BR,59.0,448482,237224
281,BR,60.0,375673,359313
282,BR,61.0,875670,211098
283,BR,62.0,612349,40111
284,BR,63.0,638997,43592
285,BR,64.0,652055,65897
286,BR,65.0,948946,67327
287,BR,66.0,1439227,131631
288,BR,67.0,2036374,137168
289,BR,68.0,1215113,220262
290,BR,69.0,1158201,278383
291,BR,70.0,1671900,436012
292,BR,71.0,1098865,293284
293,BR,72.0,1899663,487583
294,BR,73.0,2393761,508959
295,BR,74.0,2221859,459602
296,CH,1.0,0,0
297,CH,2.0,0,0
298,CH,3.0,0,0
299,CH,4.0,0,0
300,CH,5.0,0,0
301,CH,6.0,0,0
302,CH,7.0,0,0
303,CH,8.0,0,0
304,CH,9.0,0,0
305,CH,10.0,0,0
306,CH,11.0,0,0
307,CH,12.0,0,0
308,CH,13.0,0,0
309,CH,14.0,0,0
310,CH,15.0,0,0
311,CH,16.0,0,0
312,CH,17.0,0,0
313,CH,18.0,0,0
314,CH,19.0,0,0
315,CH,20.0,0,0
316,CH,21.0,0,0
317,CH,22.0,0,0
318,CH,23.0,0,0
319,CH,24.0,0,0
320,CH,25.0,0,0
321,CH,26.0,0,0
322,CH,27.0,0,0
323,CH,28.0,0,0
324,CH,29.0,0,0
325,CH,30.0,0,0
326,CH,31.0,0,0
327,CH,32.0,0,0
328,CH,33.0,0,0
329,CH,34.0,0,0
330,CH,35.0,0,0
331,CH,36.0,0,0
332,CH,37.0,0,0
333,CH,38.0,0,0
334,CH,39.0,0,0
335,CH,40.0,0,0
336,CH,41.0,0,0
337,CH,42.0,0,0
338,CH,43.0,0,0
339,CH,44.0,120,0
340,CH,45.0,670,0
341,CH,46.0,1416,0
342,CH,47.0,1652,0
343,CH,48.0,2851,117
344,CH,49.0,3670,629
345,CH,50.0,6548,894
346,CH,51.0,10599,1513
347,CH,52.0,10773,2549
348,CH,53.0,9532,3134
349,CH,54.0,7357,2411
350,CH,55.0,19340,2062
351,CH,56.0,22216,4955
352,CH,57.0,20990,7256
353,CH,58.0,20260,11207
354,CH,59.0,25605,12890
355,CH,60.0,23846,13379
356,CH,61.0,23717,10676
357,CH,62.0,26558,950
358,CH,63.0,27027,232
359,CH,64.0,38028,244
360,CH,65.0,22874,633
361,CH,66.0,47250,1427
362,CH,67.0,44405,4400
363,CH,68.0,39330,13394
364,CH,69.0,33578,20091
365,CH,70.0,48697,22202
366,CH,71.0,38004,30968
367,CH,72.0,45069,26949
368,CH,73.0,64627,23069
369,CH,74.0,46970,26120
370,CT,1.0,0,0
371,CT,2.0,0,0
372,CT,3.0,0,0
373,CT,4.0,0,0
374,CT,5.0,0,0
375,CT,6.0,0,0
376,CT,7.0,0,0
377,CT,8.0,0,0
378,CT,9.0,0,0
379,CT,10.0,0,0
380,CT,11.0,0,0
381,CT,12.0,0,0
382,CT,13.0,0,0
383,CT,14.0,0,0
384,CT,15.0,0,0
385,CT,16.0,0,0
386,CT,17.0,0,0
387,CT,18.0,0,0
388,CT,19.0,0,0
389,CT,20.0,0,0
390,CT,21.0,0,0
391,CT,22.0,0,0
392,CT,23.0,0,0
393,CT,24.0,0,0
394,CT,25.0,0,0
395,CT,26.0,0,0
396,CT,27.0,0,0
397,CT,28.0,0,0
398,CT,29.0,0,0
399,CT,30.0,0,0
400,CT,31.0,0,0
401,CT,32.0,0,0
402,CT,33.0,0,0
403,CT,34.0,0,0
404,CT,35.0,0,0
405,CT,36.0,0,0
406,CT,37.0,0,0
407,CT,38.0,0,0
408,CT,39.0,0,0
409,CT,40.0,0,0
410,CT,41.0,0,0
411,CT,42.0,0,0
412,CT,43.0,0,0
413,CT,44.0,1001,0
414,CT,45.0,10862,0
415,CT,46.0,44729,0
416,CT,47.0,95417,0
417,CT,48.0,94083,841
418,CT,49.0,92098,19581
419,CT,50.0,35240,30549
420,CT,51.0,133808,68503
421,CT,52.0,186249,70839
422,CT,53.0,376762,76392
423,CT,54.0,346289,37823
424,CT,55.0,868490,30943
425,CT,56.0,1394756,67377
426,CT,57.0,644864,86564
427,CT,58.0,332694,108307
428,CT,59.0,153667,140814
429,CT,60.0,81557,138946
430,CT,61.0,99283,193632
431,CT,62.0,33664,11220
432,CT,63.0,33832,11242
433,CT,64.0,23811,28498
434,CT,65.0,16590,26277
435,CT,66.0,20757,28275
436,CT,67.0,1015573,203500
437,CT,68.0,942359,262681
438,CT,69.0,324093,182849
439,CT,70.0,392510,146820
440,CT,71.0,370054,165567
441,CT,72.0,367534,164757
442,CT,73.0,483921,239660
443,CT,74.0,256296,210601
444,DL,1.0,0,0
445,DL,2.0,0,0
446,DL,3.0,0,0
447,DL,4.0,0,0
448,DL,5.0,0,0
449,DL,6.0,0,0
450,DL,7.0,0,0
451,DL,8.0,0,0
452,DL,9.0,0,0
453,DL,10.0,0,0
454,DL,11.0,0,0
455,DL,12.0,0,0
456,DL,13.0,0,0
457,DL,14.0,0,0
458,DL,15.0,0,0
459,DL,16.0,0,0
460,DL,17.0,0,0
461,DL,18.0,0,0
462,DL,19.0,0,0
463,DL,20.0,0,0
464,DL,21.0,0,0
465,DL,22.0,0,0
466,DL,23.0,0,0
467,DL,24.0,0,0
468,DL,25.0,0,0
469,DL,26.0,0,0
470,DL,27.0,0,0
471,DL,28.0,0,0
472,DL,29.0,0,0
473,DL,30.0,0,0
474,DL,31.0,0,0
475,DL,32.0,0,0
476,DL,33.0,0,0
477,DL,34.0,0,0
478,DL,35.0,0,0
479,DL,36.0,0,0
480,DL,37.0,0,0
481,DL,38.0,0,0
482,DL,39.0,0,0
483,DL,40.0,0,0
484,DL,41.0,0,0
485,DL,42.0,0,0
486,DL,43.0,0,0
487,DL,44.0,892,0
488,DL,45.0,11420,0
489,DL,46.0,32446,0
490,DL,47.0,52734,0
491,DL,48.0,80682,1967
492,DL,49.0,112963,16306
493,DL,50.0,76562,20459
494,DL,51.0,59191,29532
495,DL,52.0,71391,52494
496,DL,53.0,80893,70747
497,DL,54.0,99515,51811
498,DL,55.0,532730,38432
499,DL,56.0,493931,75593
500,DL,57.0,415749,94245
501,DL,58.0,274836,114710
502,DL,59.0,216007,145011
503,DL,60.0,432516,150147
504,DL,61.0,420102,185393
505,DL,62.0,472965,104987
506,DL,63.0,211070,52037
507,DL,64.0,222480,81145
508,DL,65.0,267860,155638
509,DL,66.0,304796,137733
510,DL,67.0,685715,121819
511,DL,68.0,837050,206630
512,DL,69.0,347699,169735
513,DL,70.0,320221,135129
514,DL,71.0,155109,172376
515,DL,72.0,93217,280822
516,DL,73.0,361519,270569
517,DL,74.0,506741,329534
518,DN,1.0,0,0
519,DN,2.0,0,0
520,DN,3.0,0,0
521,DN,4.0,0,0
522,DN,5.0,0,0
523,DN,6.0,0,0
524,DN,7.0,0,0
525,DN,8.0,0,0
526,DN,9.0,0,0
527,DN,10.0,0,0
528,DN,11.0,0,0
529,DN,12.0,0,0
530,DN,13.0,0,0
531,DN,14.0,0,0
532,DN,15.0,0,0
533,DN,16.0,0,0
534,DN,17.0,0,0
535,DN,18.0,0,0
536,DN,19.0,0,0
537,DN,20.0,0,0
538,DN,21.0,0,0
539,DN,22.0,0,0
540,DN,23.0,0,0
541,DN,24.0,0,0
542,DN,25.0,0,0
543,DN,26.0,0,0
544,DN,27.0,0,0
545,DN,28.0,0,0
546,DN,29.0,0,0
547,DN,30.0,0,0
548,DN,31.0,0,0
549,DN,32.0,0,0
550,DN,33.0,0,0
551,DN,34.0,0,0
552,DN,35.0,0,0
553,DN,36.0,0,0
554,DN,37.0,0,0
555,DN,38.0,0,0
556,DN,39.0,0,0
557,DN,40.0,0,0
558,DN,41.0,0,0
559,DN,42.0,0,0
560,DN,43.0,0,0
561,DN,44.0,23,0
562,DN,45.0,257,0
563,DN,46.0,572,0
564,DN,47.0,1403,0
565,DN,48.0,1805,71
566,DN,49.0,2316,394
567,DN,50.0,928,209
568,DN,51.0,3942,1210
569,DN,52.0,3086,1358
570,DN,53.0,4011,1348
571,DN,54.0,3713,680
572,DN,55.0,12368,1248
573,DN,56.0,24706,2260
574,DN,57.0,12834,2401
575,DN,58.0,4752,2206
576,DN,59.0,3037,3182
577,DN,60.0,2813,4205
578,DN,61.0,9081,5099
579,DN,62.0,28723,38
580,DN,63.0,40317,49
581,DN,64.0,36291,104
582,DN,65.0,43328,283
583,DN,66.0,41145,579
584,DN,67.0,60008,4986
585,DN,68.0,77257,15723
586,DN,69.0,47581,12135
587,DN,70.0,44556,6787
588,DN,71.0,19373,4797
589,DN,72.0,24891,3418
590,DN,73.0,25170,4142
591,DN,74.0,18093,11509
592,GA,1.0,0,0
593,GA,2.0,0,0
594,GA,3.0,0,0
595,GA,4.0,0,0
596,GA,5.0,0,0
597,GA,6.0,0,0
598,GA,7.0,0,0
599,GA,8.0,0,0
600,GA,9.0,0,0
601,GA,10.0,0,0
602,GA,11.0,0,0
603,GA,12.0,0,0
604,GA,13.0,0,0
605,GA,14.0,0,0
606,GA,15.0,0,0
607,GA,16.0,0,0
608,GA,17.0,0,0
609,GA,18.0,0,0
610,GA,19.0,0,0
611,GA,20.0,0,0
612,GA,21.0,0,0
613,GA,22.0,0,0
614,GA,23.0,0,0
615,GA,24.0,0,0
616,GA,25.0,0,0
617,GA,26.0,0,0
618,GA,27.0,0,0
619,GA,28.0,0,0
620,GA,29.0,0,0
621,GA,30.0,0,0
622,GA,31.0,0,0
623,GA,32.0,0,0
624,GA,33.0,0,0
625,GA,34.0,0,0
626,GA,35.0,0,0
627,GA,36.0,0,0
628,GA,37.0,0,0
629,GA,38.0,0,0
630,GA,39.0,0,0
631,GA,40.0,0,0
632,GA,41.0,0,0
633,GA,42.0,0,0
634,GA,43.0,0,0
635,GA,44.0,50,0
636,GA,45.0,921,0
637,GA,46.0,2493,0
638,GA,47.0,3996,0
639,GA,48.0,5817,309
640,GA,49.0,2845,964
641,GA,50.0,3748,1477
642,GA,51.0,17024,4156
643,GA,52.0,18901,4802
644,GA,53.0,20455,2625
645,GA,54.0,15441,2831
646,GA,55.0,19828,4451
647,GA,56.0,28866,9070
648,GA,57.0,51493,14593
649,GA,58.0,45666,16298
650,GA,59.0,44461,11688
651,GA,60.0,27329,9744
652,GA,61.0,32909,11207
653,GA,62.0,47020,453
654,GA,63.0,37256,293
655,GA,64.0,41010,1289
656,GA,65.0,56267,1598
657,GA,66.0,122640,3077
658,GA,67.0,101915,6866
659,GA,68.0,104524,20017
660,GA,69.0,64429,38377
661,GA,70.0,58469,42474
662,GA,71.0,37450,36859
663,GA,72.0,41482,26878
664,GA,73.0,32680,22663
665,GA,74.0,25430,34850
666,GJ,1.0,0,0
667,GJ,2.0,0,0
668,GJ,3.0,0,0
669,GJ,4.0,0,0
670,GJ,5.0,0,0
671,GJ,6.0,0,0
672,GJ,7.0,0,0
673,GJ,8.0,0,0
674,GJ,9.0,0,0
675,GJ,10.0,0,0
676,GJ,11.0,0,0
677,GJ,12.0,0,0
678,GJ,13.0,0,0
679,GJ,14.0,0,0
680,GJ,15.0,0,0
681,GJ,16.0,0,0
682,GJ,17.0,0,0
683,GJ,18.0,0,0
684,GJ,19.0,0,0
685,GJ,20.0,0,0
686,GJ,21.0,0,0
687,GJ,22.0,0,0
688,GJ,23.0,0,0
689,GJ,24.0,0,0
690,GJ,25.0,0,0
691,GJ,26.0,0,0
692,GJ,27.0,0,0
693,GJ,28.0,0,0
694,GJ,29.0,0,0
695,GJ,30.0,0,0
696,GJ,31.0,0,0
697,GJ,32.0,0,0
698,GJ,33.0,0,0
699,GJ,34.0,0,0
700,GJ,35.0,0,0
701,GJ,36.0,0,0
702,GJ,37.0,0,0
703,GJ,38.0,0,0
704,GJ,39.0,0,0
705,GJ,40.0,0,0
706,GJ,41.0,0,0
707,GJ,42.0,0,0
708,GJ,43.0,0,0
709,GJ,44.0,1249,0
710,GJ,45.0,43624,0
711,GJ,46.0,166678,0
712,GJ,47.0,237260,0
713,GJ,48.0,310988,2
714,GJ,49.0,50916,58540
715,GJ,50.0,11018,109044
716,GJ,51.0,592876,163278
717,GJ,52.0,540133,183111
718,GJ,53.0,869323,100063
719,GJ,54.0,1506501,33746
720,GJ,55.0,1718471,141764
721,GJ,56.0,1933596,283697
722,GJ,57.0,938722,342208
723,GJ,58.0,574344,525097
724,GJ,59.0,596883,646257
725,GJ,60.0,584044,617574
726,GJ,61.0,536418,638157
727,GJ,62.0,298440,55584
728,GJ,63.0,1122629,192021
729,GJ,64.0,1281070,195889
730,GJ,65.0,1606954,260016
731,GJ,66.0,1594163,241213
732,GJ,67.0,2214681,539058
733,GJ,68.0,1322045,573446
734,GJ,69.0,719894,364369
735,GJ,70.0,1189438,524363
736,GJ,71.0,1390917,574960
737,GJ,72.0,1388115,574033
738,GJ,73.0,2119509,813396
739,GJ,74.0,2758409,872633
740,HP,1.0,0,0
741,HP,2.0,0,0
742,HP,3.0,0,0
743,HP,4.0,0,0
744,HP,5.0,0,0
745,HP,6.0,0,0
746,HP,7.0,0,0
747,HP,8.0,0,0
748,HP,9.0,0,0
749,HP,10.0,0,0
750,HP,11.0,0,0
751,HP,12.0,0,0
752,HP,13.0,0,0
753,HP,14.0,0,0
754,HP,15.0,0,0
755,HP,16.0,0,0
756,HP,17.0,0,0
757,HP,18.0,0,0
758,HP,19.0,0,0
759,HP,20.0,0,0
760,HP,21.0,0,0
761,HP,22.0,0,0
762,HP,23.0,0,0
763,HP,24.0,0,0
764,HP,25.0,0,0
765,HP,26.0,0,0
766,HP,27.0,0,0
767,HP,28.0,0,0
768,HP,29.0,0,0
769,HP,30.0,0,0
770,HP,31.0,0,0
771,HP,32.0,0,0
772,HP,33.0,0,0
773,HP,34.0,0,0
774,HP,35.0,0,0
775,HP,36.0,0,0
776,HP,37.0,0,0
777,HP,38.0,0,0
778,HP,39.0,0,0
779,HP,40.0,0,0
780,HP,41.0,0,0
781,HP,42.0,0,0
782,HP,43.0,0,0
783,HP,44.0,189,0
784,HP,45.0,5017,0
785,HP,46.0,16642,0
786,HP,47.0,25097,0
787,HP,48.0,25961,449
788,HP,49.0,16903,10889
789,HP,50.0,6039,8255
790,HP,51.0,18529,23250
791,HP,52.0,41539,17279
792,HP,53.0,78358,15120
793,HP,54.0,88271,6584
794,HP,55.0,160765,4382
795,HP,56.0,296051,13952
796,HP,57.0,285927,27350
797,HP,58.0,197372,44012
798,HP,59.0,193645,71811
799,HP,60.0,126058,88934
800,HP,61.0,77824,65273
801,HP,62.0,110656,504
802,HP,63.0,90958,334
803,HP,64.0,90001,566
804,HP,65.0,61433,1705
805,HP,66.0,209088,3931
806,HP,67.0,585619,30133
807,HP,68.0,350752,128132
808,HP,69.0,42986,233716
809,HP,70.0,75822,169381
810,HP,71.0,223261,120777
811,HP,72.0,198360,100736
812,HP,73.0,230353,82671
813,HP,74.0,731318,143485
814,HR,1.0,0,0
815,HR,2.0,0,0
816,HR,3.0,0,0
817,HR,4.0,0,0
818,HR,5.0,0,0
819,HR,6.0,0,0
820,HR,7.0,0,0
821,HR,8.0,0,0
822,HR,9.0,0,0
823,HR,10.0,0,0
824,HR,11.0,0,0
825,HR,12.0,0,0
826,HR,13.0,0,0
827,HR,14.0,0,0
828,HR,15.0,0,0
829,HR,16.0,0,0
830,HR,17.0,0,0
831,HR,18.0,0,0
832,HR,19.0,0,0
833,HR,20.0,0,0
834,HR,21.0,0,0
835,HR,22.0,0,0
836,HR,23.0,0,0
837,HR,24.0,0,0
838,HR,25.0,0,0
839,HR,26.0,0,0
840,HR,27.0,0,0
841,HR,28.0,0,0
842,HR,29.0,0,0
843,HR,30.0,0,0
844,HR,31.0,0,0
845,HR,32.0,0,0
846,HR,33.0,0,0
847,HR,34.0,0,0
848,HR,35.0,0,0
849,HR,36.0,0,0
850,HR,37.0,0,0
851,HR,38.0,0,0
852,HR,39.0,0,0
853,HR,40.0,0,0
854,HR,41.0,0,0
855,HR,42.0,0,0
856,HR,43.0,0,0
857,HR,44.0,1864,0
858,HR,45.0,41486,0
859,HR,46.0,51793,0
860,HR,47.0,13821,0
861,HR,48.0,68718,590
862,HR,49.0,26450,18663
863,HR,50.0,13841,42413
864,HR,51.0,43546,12757
865,HR,52.0,106522,28108
866,HR,53.0,353390,25684
867,HR,54.0,368204,14043
868,HR,55.0,504758,17302
869,HR,56.0,494257,35052
870,HR,57.0,617594,121770
871,HR,58.0,325976,154159
872,HR,59.0,179394,94592
873,HR,60.0,361976,149404
874,HR,61.0,403805,201816
875,HR,62.0,434462,29461
876,HR,63.0,404594,42523
877,HR,64.0,389453,29997
878,HR,65.0,481040,44666
879,HR,66.0,493967,83130
880,HR,67.0,951790,151909
881,HR,68.0,672968,256587
882,HR,69.0,299067,188721
883,HR,70.0,409281,251858
884,HR,71.0,281337,192072
885,HR,72.0,523051,318346
886,HR,73.0,633916,336860
887,HR,74.0,539785,349022
888,JH,1.0,0,0
889,JH,2.0,0,0
890,JH,3.0,0,0
891,JH,4.0,0,0
892,JH,5.0,0,0
893,JH,6.0,0,0
894,JH,7.0,0,0
895,JH,8.0,0,0
896,JH,9.0,0,0
897,JH,10.0,0,0
898,JH,11.0,0,0
899,JH,12.0,0,0
900,JH,13.0,0,0
901,JH,14.0,0,0
902,JH,15.0,0,0
903,JH,16.0,0,0
904,JH,17.0,0,0
905,JH,18.0,0,0
906,JH,19.0,0,0
907,JH,20.0,0,0
908,JH,21.0,0,0
909,JH,22.0,0,0
910,JH,23.0,0,0
911,JH,24.0,0,0
912,JH,25.0,0,0
913,JH,26.0,0,0
914,JH,27.0,0,0
915,JH,28.0,0,0
916,JH,29.0,0,0
917,JH,30.0,0,0
918,JH,31.0,0,0
919,JH,32.0,0,0
920,JH,33.0,0,0
921,JH,34.0,0,0
922,JH,35.0,0,0
923,JH,36.0,0,0
924,JH,37.0,0,0
925,JH,38.0,0,0
926,JH,39.0,0,0
927,JH,40.0,0,0
928,JH,41.0,0,0
929,JH,42.0,0,0
930,JH,43.0,0,0
931,JH,44.0,326,0
932,JH,45.0,3620,0
933,JH,46.0,25946,0
934,JH,47.0,53414,0
935,JH,48.0,106371,1906
936,JH,49.0,62509,9222
937,JH,50.0,29696,11489
938,JH,51.0,58080,35603
939,JH,52.0,99308,76634
940,JH,53.0,243479,66661
941,JH,54.0,624882,33110
942,JH,55.0,145431,14437
943,JH,56.0,453537,31553
944,JH,57.0,411287,48709
945,JH,58.0,150172,72590
946,JH,59.0,92588,72261
947,JH,60.0,62769,78407
948,JH,61.0,155611,90243
949,JH,62.0,312272,11885
950,JH,63.0,216645,22766
951,JH,64.0,299606,37729
952,JH,65.0,465843,44856
953,JH,66.0,536342,105671
954,JH,67.0,756955,114507
955,JH,68.0,400766,96600
956,JH,69.0,405923,165906
957,JH,70.0,410646,196571
958,JH,71.0,314976,120545
959,JH,72.0,638458,198014
960,JH,73.0,462695,141820
961,JH,74.0,520945,167562
962,JK,1.0,0,0
963,JK,2.0,0,0
964,JK,3.0,0,0
965,JK,4.0,0,0
966,JK,5.0,0,0
967,JK,6.0,0,0
968,JK,7.0,0,0
969,JK,8.0,0,0
970,JK,9.0,0,0
971,JK,10.0,0,0
972,JK,11.0,0,0
973,JK,12.0,0,0
974,JK,13.0,0,0
975,JK,14.0,0,0
976,JK,15.0,0,0
977,JK,16.0,0,0
978,JK,17.0,0,0
979,JK,18.0,0,0
980,JK,19.0,0,0
981,JK,20.0,0,0
982,JK,21.0,0,0
983,JK,22.0,0,0
984,JK,23.0,0,0
985,JK,24.0,0,0
986,JK,25.0,0,0
987,JK,26.0,0,0
988,JK,27.0,0,0
989,JK,28.0,0,0
990,JK,29.0,0,0
991,JK,30.0,0,0
992,JK,31.0,0,0
993,JK,32.0,0,0
994,JK,33.0,0,0
995,JK,34.0,0,0
996,JK,35.0,0,0
997,JK,36.0,0,0
998,JK,37.0,0,0
999,JK,38.0,0,0
1000,JK,39.0,0,0
1001,JK,40.0,0,0
1002,JK,41.0,0,0
1003,JK,42.0,0,0
1004,JK,43.0,0,0
1005,JK,44.0,447,0
1006,JK,45.0,5146,0
1007,JK,46.0,15668,0
1008,JK,47.0,19648,0
1009,JK,48.0,76768,722
1010,JK,49.0,68420,5536
1011,JK,50.0,36289,9429
1012,JK,51.0,66458,9418
1013,JK,52.0,73822,31109
1014,JK,53.0,107215,54887
1015,JK,54.0,113114,34887
1016,JK,55.0,154072,13534
1017,JK,56.0,358537,31203
1018,JK,57.0,263001,39658
1019,JK,58.0,332605,75128
1020,JK,59.0,304779,74739
1021,JK,60.0,240266,100981
1022,JK,61.0,77052,51755
1023,JK,62.0,104877,4427
1024,JK,63.0,281672,5436
1025,JK,64.0,196504,22221
1026,JK,65.0,172502,17637
1027,JK,66.0,282829,19319
1028,JK,67.0,291914,37027
1029,JK,68.0,369468,107633
1030,JK,69.0,280445,74628
1031,JK,70.0,219413,148004
1032,JK,71.0,174117,164160
1033,JK,72.0,219244,175570
1034,JK,73.0,328255,146468
1035,JK,74.0,311680,117916
1036,KA,1.0,0,0
1037,KA,2.0,0,0
1038,KA,3.0,0,0
1039,KA,4.0,0,0
1040,KA,5.0,0,0
1041,KA,6.0,0,0
1042,KA,7.0,0,0
1043,KA,8.0,0,0
1044,KA,9.0,0,0
1045,KA,10.0,0,0
1046,KA,11.0,0,0
1047,KA,12.0,0,0
1048,KA,13.0,0,0
1049,KA,14.0,0,0
1050,KA,15.0,0,0
1051,KA,16.0,0,0
1052,KA,17.0,0,0
1053,KA,18.0,0,0
1054,KA,19.0,0,0
1055,KA,20.0,0,0
1056,KA,21.0,0,0
1057,KA,22.0,0,0
1058,KA,23.0,0,0
1059,KA,24.0,0,0
1060,KA,25.0,0,0
1061,KA,26.0,0,0
1062,KA,27.0,0,0
1063,KA,28.0,0,0
1064,KA,29.0,0,0
1065,KA,30.0,0,0
1066,KA,31.0,0,0
1067,KA,32.0,0,0
1068,KA,33.0,0,0
1069,KA,34.0,0,0
1070,KA,35.0,0,0
1071,KA,36.0,0,0
1072,KA,37.0,0,0
1073,KA,38.0,0,0
1074,KA,39.0,0,0
1075,KA,40.0,0,0
1076,KA,41.0,0,0
1077,KA,42.0,0,0
1078,KA,43.0,0,0
1079,KA,44.0,3586,0
1080,KA,45.0,77940,0
1081,KA,46.0,154282,0
1082,KA,47.0,69226,0
1083,KA,48.0,106494,15
1084,KA,49.0,103912,110242
1085,KA,50.0,61213,99433
1086,KA,51.0,63446,21845
1087,KA,52.0,305918,78152
1088,KA,53.0,964093,65999
1089,KA,54.0,792118,43669
1090,KA,55.0,1047466,34803
1091,KA,56.0,1445515,82181
1092,KA,57.0,903833,174399
1093,KA,58.0,925043,395596
1094,KA,59.0,703181,430886
1095,KA,60.0,374835,399041
1096,KA,61.0,330731,445359
1097,KA,62.0,454092,110189
1098,KA,63.0,1180400,98781
1099,KA,64.0,1525753,132754
1100,KA,65.0,1606954,135665
1101,KA,66.0,1253507,199589
1102,KA,67.0,2734872,296754
1103,KA,68.0,1417238,479635
1104,KA,69.0,1185969,598206
1105,KA,70.0,1039678,569903
1106,KA,71.0,885207,602770
1107,KA,72.0,915779,591032
1108,KA,73.0,1528562,731606
1109,KA,74.0,1120909,516885
1110,KL,1.0,0,0
1111,KL,2.0,0,0
1112,KL,3.0,0,0
1113,KL,4.0,0,0
1114,KL,5.0,0,0
1115,KL,6.0,0,0
1116,KL,7.0,0,0
1117,KL,8.0,0,0
1118,KL,9.0,0,0
1119,KL,10.0,0,0
1120,KL,11.0,0,0
1121,KL,12.0,0,0
1122,KL,13.0,0,0
1123,KL,14.0,0,0
1124,KL,15.0,0,0
1125,KL,16.0,0,0
1126,KL,17.0,0,0
1127,KL,18.0,0,0
1128,KL,19.0,0,0
1129,KL,20.0,0,0
1130,KL,21.0,0,0
1131,KL,22.0,0,0
1132,KL,23.0,0,0
1133,KL,24.0,0,0
1134,KL,25.0,0,0
1135,KL,26.0,0,0
1136,KL,27.0,0,0
1137,KL,28.0,0,0
1138,KL,29.0,0,0
1139,KL,30.0,0,0
1140,KL,31.0,0,0
1141,KL,32.0,0,0
1142,KL,33.0,0,0
1143,KL,34.0,0,0
1144,KL,35.0,0,0
1145,KL,36.0,0,0
1146,KL,37.0,0,0
1147,KL,38.0,0,0
1148,KL,39.0,0,0
1149,KL,40.0,0,0
1150,KL,41.0,0,0
1151,KL,42.0,0,0
1152,KL,43.0,0,0
1153,KL,44.0,1556,0
1154,KL,45.0,16441,0
1155,KL,46.0,95210,0
1156,KL,47.0,124827,0
1157,KL,48.0,60581,0
1158,KL,49.0,61896,32241
1159,KL,50.0,60551,55951
1160,KL,51.0,230651,75029
1161,KL,52.0,240854,83245
1162,KL,53.0,312786,63311
1163,KL,54.0,376568,33036
1164,KL,55.0,1373572,28358
1165,KL,56.0,760577,60827
1166,KL,57.0,787270,151793
1167,KL,58.0,573001,309424
1168,KL,59.0,253033,265883
1169,KL,60.0,109588,368994
1170,KL,61.0,210096,186423
1171,KL,62.0,167339,28158
1172,KL,63.0,485111,23927
1173,KL,64.0,803576,101252
1174,KL,65.0,791486,70068
1175,KL,66.0,670598,164145
1176,KL,67.0,727103,472600
1177,KL,68.0,584736,552226
1178,KL,69.0,333547,463606
1179,KL,70.0,382490,458719
1180,KL,71.0,733837,828102
1181,KL,72.0,1060197,427287
1182,KL,73.0,1151671,288309
1183,KL,74.0,1652234,261766
1184,LA,1.0,0,0
1185,LA,2.0,0,0
1186,LA,3.0,0,0
1187,LA,4.0,0,0
1188,LA,5.0,0,0
1189,LA,6.0,0,0
1190,LA,7.0,0,0
1191,LA,8.0,0,0
1192,LA,9.0,0,0
1193,LA,10.0,0,0
1194,LA,11.0,0,0
1195,LA,12.0,0,0
1196,LA,13.0,0,0
1197,LA,14.0,0,0
1198,LA,15.0,0,0
1199,LA,16.0,0,0
1200,LA,17.0,0,0
1201,LA,18.0,0,0
1202,LA,19.0,0,0
1203,LA,20.0,0,0
1204,LA,21.0,0,0
1205,LA,22.0,0,0
1206,LA,23.0,0,0
1207,LA,24.0,0,0
1208,LA,25.0,0,0
1209,LA,26.0,0,0
1210,LA,27.0,0,0
1211,LA,28.0,0,0
1212,LA,29.0,0,0
1213,LA,30.0,0,0
1214,LA,31.0,0,0
1215,LA,32.0,0,0
1216,LA,33.0,0,0
1217,LA,34.0,0,0
1218,LA,35.0,0,0
1219,LA,36.0,0,0
1220,LA,37.0,0,0
1221,LA,38.0,0,0
1222,LA,39.0,0,0
1223,LA,40.0,0,0
1224,LA,41.0,0,0
1225,LA,42.0,0,0
1226,LA,43.0,0,0
1227,LA,44.0,9,0
1228,LA,45.0,321,0
1229,LA,46.0,629,0
1230,LA,47.0,858,0
1231,LA,48.0,1014,71
1232,LA,49.0,2952,529
1233,LA,50.0,3629,329
1234,LA,51.0,4975,1049
1235,LA,52.0,16350,926
1236,LA,53.0,7582,2367
1237,LA,54.0,1399,1382
1238,LA,55.0,12989,-22
1239,LA,56.0,11811,1282
1240,LA,57.0,2639,2749
1241,LA,58.0,4557,14163
1242,LA,59.0,3270,9633
1243,LA,60.0,8048,2030
1244,LA,61.0,3613,764
1245,LA,62.0,8160,7
1246,LA,63.0,22031,20
1247,LA,64.0,23530,33
1248,LA,65.0,13316,69
1249,LA,66.0,8127,96
1250,LA,67.0,6862,9816
1251,LA,68.0,5132,11037
1252,LA,69.0,7582,2400
1253,LA,70.0,3585,1439
1254,LA,71.0,800,1102
1255,LA,72.0,1311,4375
1256,LA,73.0,1345,2313
1257,LA,74.0,1109,2866
1258,MH,1.0,0,0
1259,MH,2.0,0,0
1260,MH,3.0,0,0
1261,MH,4.0,0,0
1262,MH,5.0,0,0
1263,MH,6.0,0,0
1264,MH,7.0,0,0
1265,MH,8.0,0,0
1266,MH,9.0,0,0
1267,MH,10.0,0,0
1268,MH,11.0,0,0
1269,MH,12.0,0,0
1270,MH,13.0,0,0
1271,MH,14.0,0,0
1272,MH,15.0,0,0
1273,MH,16.0,0,0
1274,MH,17.0,0,0
1275,MH,18.0,0,0
1276,MH,19.0,0,0
1277,MH,20.0,0,0
1278,MH,21.0,0,0
1279,MH,22.0,0,0
1280,MH,23.0,0,0
1281,MH,24.0,0,0
1282,MH,25.0,0,0
1283,MH,26.0,0,0
1284,MH,27.0,0,0
1285,MH,28.0,0,0
1286,MH,29.0,0,0
1287,MH,30.0,0,0
1288,MH,31.0,0,0
1289,MH,32.0,0,0
1290,MH,33.0,0,0
1291,MH,34.0,0,0
1292,MH,35.0,0,0
1293,MH,36.0,0,0
1294,MH,37.0,0,0
1295,MH,38.0,0,0
1296,MH,39.0,0,0
1297,MH,40.0,0,0
1298,MH,41.0,0,0
1299,MH,42.0,0,0
1300,MH,43.0,0,0
1301,MH,44.0,5216,0
1302,MH,45.0,60812,0
1303,MH,46.0,158516,0
1304,MH,47.0,196116,0
1305,MH,48.0,209908,170
1306,MH,49.0,209767,44266
1307,MH,50.0,155607,110057
1308,MH,51.0,279340,96635
1309,MH,52.0,647566,147379
1310,MH,53.0,896982,172076
1311,MH,54.0,1032773,126246
1312,MH,55.0,2411643,72156
1313,MH,56.0,2343107,154995
1314,MH,57.0,1826721,325929
1315,MH,58.0,1421867,591171
1316,MH,59.0,1249704,723506
1317,MH,60.0,953279,634824
1318,MH,61.0,1025542,845996
1319,MH,62.0,604052,175166
1320,MH,63.0,1331853,129420
1321,MH,64.0,1528411,241946
1322,MH,65.0,1385564,389732
1323,MH,66.0,1411411,299369
1324,MH,67.0,2745754,484885
1325,MH,68.0,1932223,835900
1326,MH,69.0,1453243,847337
1327,MH,70.0,1667436,1248489
1328,MH,71.0,977861,766334
1329,MH,72.0,1725108,1304324
1330,MH,73.0,1511057,731378
1331,MH,74.0,1577743,833116
1332,ML,1.0,0,0
1333,ML,2.0,0,0
1334,ML,3.0,0,0
1335,ML,4.0,0,0
1336,ML,5.0,0,0
1337,ML,6.0,0,0
1338,ML,7.0,0,0
1339,ML,8.0,0,0
1340,ML,9.0,0,0
1341,ML,10.0,0,0
1342,ML,11.0,0,0
1343,ML,12.0,0,0
1344,ML,13.0,0,0
1345,ML,14.0,0,0
1346,ML,15.0,0,0
1347,ML,16.0,0,0
1348,ML,17.0,0,0
1349,ML,18.0,0,0
1350,ML,19.0,0,0
1351,ML,20.0,0,0
1352,ML,21.0,0,0
1353,ML,22.0,0,0
1354,ML,23.0,0,0
1355,ML,24.0,0,0
1356,ML,25.0,0,0
1357,ML,26.0,0,0
1358,ML,27.0,0,0
1359,ML,28.0,0,0
1360,ML,29.0,0,0
1361,ML,30.0,0,0
1362,ML,31.0,0,0
1363,ML,32.0,0,0
1364,ML,33.0,0,0
1365,ML,34.0,0,0
1366,ML,35.0,0,0
1367,ML,36.0,0,0
1368,ML,37.0,0,0
1369,ML,38.0,0,0
1370,ML,39.0,0,0
1371,ML,40.0,0,0
1372,ML,41.0,0,0
1373,ML,42.0,0,0
1374,ML,43.0,0,0
1375,ML,44.0,102,0
1376,ML,45.0,607,0
1377,ML,46.0,2361,0
1378,ML,47.0,2515,0
1379,ML,48.0,7320,91
1380,ML,49.0,16523,1592
1381,ML,50.0,10786,1923
1382,ML,51.0,7128,1902
1383,ML,52.0,10312,5466
1384,ML,53.0,10290,10536
1385,ML,54.0,10160,10000
1386,ML,55.0,7139,1367
1387,ML,56.0,17841,5365
1388,ML,57.0,22441,5708
1389,ML,58.0,32140,7907
1390,ML,59.0,79815,8679
1391,ML,60.0,37901,7371
1392,ML,61.0,51381,6154
1393,ML,62.0,33455,92
1394,ML,63.0,29111,168
1395,ML,64.0,12953,141
1396,ML,65.0,24645,226
1397,ML,66.0,87909,383
1398,ML,67.0,72202,1434
1399,ML,68.0,62869,6993
1400,ML,69.0,62582,14007
1401,ML,70.0,64914,22242
1402,ML,71.0,58666,44507
1403,ML,72.0,52216,34162
1404,ML,73.0,44129,27889
1405,ML,74.0,36387,31054
1406,MN,1.0,0,0
1407,MN,2.0,0,0
1408,MN,3.0,0,0
1409,MN,4.0,0,0
1410,MN,5.0,0,0
1411,MN,6.0,0,0
1412,MN,7.0,0,0
1413,MN,8.0,0,0
1414,MN,9.0,0,0
1415,MN,10.0,0,0
1416,MN,11.0,0,0
1417,MN,12.0,0,0
1418,MN,13.0,0,0
1419,MN,14.0,0,0
1420,MN,15.0,0,0
1421,MN,16.0,0,0
1422,MN,17.0,0,0
1423,MN,18.0,0,0
1424,MN,19.0,0,0
1425,MN,20.0,0,0
1426,MN,21.0,0,0
1427,MN,22.0,0,0
1428,MN,23.0,0,0
1429,MN,24.0,0,0
1430,MN,25.0,0,0
1431,MN,26.0,0,0
1432,MN,27.0,0,0
1433,MN,28.0,0,0
1434,MN,29.0,0,0
1435,MN,30.0,0,0
1436,MN,31.0,0,0
1437,MN,32.0,0,0
1438,MN,33.0,0,0
1439,MN,34.0,0,0
1440,MN,35.0,0,0
1441,MN,36.0,0,0
1442,MN,37.0,0,0
1443,MN,38.0,0,0
1444,MN,39.0,0,0
1445,MN,40.0,0,0
1446,MN,41.0,0,0
1447,MN,42.0,0,0
1448,MN,43.0,0,0
1449,MN,44.0,181,0
1450,MN,45.0,916,0
1451,MN,46.0,1836,0
1452,MN,47.0,4048,0
1453,MN,48.0,13830,55
1454,MN,49.0,16712,1299
1455,MN,50.0,10789,899
1456,MN,51.0,13567,2286
1457,MN,52.0,7923,5503
1458,MN,53.0,5794,9586
1459,MN,54.0,5835,10125
1460,MN,55.0,1764,4015
1461,MN,56.0,5619,9618
1462,MN,57.0,13302,6624
1463,MN,58.0,22319,5755
1464,MN,59.0,77829,5937
1465,MN,60.0,61348,5193
1466,MN,61.0,43660,2830
1467,MN,62.0,36440,341
1468,MN,63.0,36977,270
1469,MN,64.0,40799,580
1470,MN,65.0,44617,516
1471,MN,66.0,26947,711
1472,MN,67.0,37680,905
1473,MN,68.0,113145,2642
1474,MN,69.0,132645,8924
1475,MN,70.0,146530,19403
1476,MN,71.0,106194,53225
1477,MN,72.0,79047,48176
1478,MN,73.0,42589,33042
1479,MN,74.0,23004,27890
1480,MP,1.0,0,0
1481,MP,2.0,0,0
1482,MP,3.0,0,0
1483,MP,4.0,0,0
1484,MP,5.0,0,0
1485,MP,6.0,0,0
1486,MP,7.0,0,0
1487,MP,8.0,0,0
1488,MP,9.0,0,0
1489,MP,10.0,0,0
1490,MP,11.0,0,0
1491,MP,12.0,0,0
1492,MP,13.0,0,0
1493,MP,14.0,0,0
1494,MP,15.0,0,0
1495,MP,16.0,0,0
1496,MP,17.0,0,0
1497,MP,18.0,0,0
1498,MP,19.0,0,0
1499,MP,20.0,0,0
1500,MP,21.0,0,0
1501,MP,22.0,0,0
1502,MP,23.0,0,0
1503,MP,24.0,0,0
1504,MP,25.0,0,0
1505,MP,26.0,0,0
1506,MP,27.0,0,0
1507,MP,28.0,0,0
1508,MP,29.0,0,0
1509,MP,30.0,0,0
1510,MP,31.0,0,0
1511,MP,32.0,0,0
1512,MP,33.0,0,0
1513,MP,34.0,0,0
1514,MP,35.0,0,0
1515,MP,36.0,0,0
1516,MP,37.0,0,0
1517,MP,38.0,0,0
1518,MP,39.0,0,0
1519,MP,40.0,0,0
1520,MP,41.0,0,0
1521,MP,42.0,0,0
1522,MP,43.0,0,0
1523,MP,44.0,9435,0
1524,MP,45.0,28993,0
1525,MP,46.0,246354,0
1526,MP,47.0,48050,0
1527,MP,48.0,215440,3
1528,MP,49.0,83365,3806
1529,MP,50.0,13079,155853
1530,MP,51.0,173094,72374
1531,MP,52.0,244648,102524
1532,MP,53.0,721547,121546
1533,MP,54.0,762733,40898
1534,MP,55.0,964061,35577
1535,MP,56.0,1355695,65850
1536,MP,57.0,1680423,158824
1537,MP,58.0,395867,195346
1538,MP,59.0,100502,151316
1539,MP,60.0,158351,328523
1540,MP,61.0,271204,258266
1541,MP,62.0,554907,62412
1542,MP,63.0,1070688,31114
1543,MP,64.0,1698452,48389
1544,MP,65.0,1159215,109117
1545,MP,66.0,1008031,112871
1546,MP,67.0,4480345,302148
1547,MP,68.0,1337997,455718
1548,MP,69.0,1345678,976357
1549,MP,70.0,1040003,225132
1550,MP,71.0,2118982,534334
1551,MP,72.0,3543073,620699
1552,MP,73.0,2381061,472778
1553,MP,74.0,2453364,451853
1554,MZ,1.0,0,0
1555,MZ,2.0,0,0
1556,MZ,3.0,0,0
1557,MZ,4.0,0,0
1558,MZ,5.0,0,0
1559,MZ,6.0,0,0
1560,MZ,7.0,0,0
1561,MZ,8.0,0,0
1562,MZ,9.0,0,0
1563,MZ,10.0,0,0
1564,MZ,11.0,0,0
1565,MZ,12.0,0,0
1566,MZ,13.0,0,0
1567,MZ,14.0,0,0
1568,MZ,15.0,0,0
1569,MZ,16.0,0,0
1570,MZ,17.0,0,0
1571,MZ,18.0,0,0
1572,MZ,19.0,0,0
1573,MZ,20.0,0,0
1574,MZ,21.0,0,0
1575,MZ,22.0,0,0
1576,MZ,23.0,0,0
1577,MZ,24.0,0,0
1578,MZ,25.0,0,0
1579,MZ,26.0,0,0
1580,MZ,27.0,0,0
1581,MZ,28.0,0,0
1582,MZ,29.0,0,0
1583,MZ,30.0,0,0
1584,MZ,31.0,0,0
1585,MZ,32.0,0,0
1586,MZ,33.0,0,0
1587,MZ,34.0,0,0
1588,MZ,35.0,0,0
1589,MZ,36.0,0,0
1590,MZ,37.0,0,0
1591,MZ,38.0,0,0
1592,MZ,39.0,0,0
1593,MZ,40.0,0,0
1594,MZ,41.0,0,0
1595,MZ,42.0,0,0
1596,MZ,43.0,0,0
1597,MZ,44.0,105,0
1598,MZ,45.0,1765,0
1599,MZ,46.0,6107,0
1600,MZ,47.0,1493,0
1601,MZ,48.0,709,75
1602,MZ,49.0,4505,2159
1603,MZ,50.0,7238,3398
1604,MZ,51.0,12105,3543
1605,MZ,52.0,11726,939
1606,MZ,53.0,6739,2017
1607,MZ,54.0,3005,1460
1608,MZ,55.0,1012,1015
1609,MZ,56.0,17093,6977
1610,MZ,57.0,48566,10105
1611,MZ,58.0,48597,8657
1612,MZ,59.0,43101,4472
1613,MZ,60.0,17299,2215
1614,MZ,61.0,7638,3935
1615,MZ,62.0,13396,16
1616,MZ,63.0,10097,104
1617,MZ,64.0,10024,128
1618,MZ,65.0,19548,1104
1619,MZ,66.0,84164,335
1620,MZ,67.0,121109,586
1621,MZ,68.0,43352,6433
1622,MZ,69.0,42814,28389
1623,MZ,70.0,25979,39446
1624,MZ,71.0,17275,44035
1625,MZ,72.0,12487,25407
1626,MZ,73.0,14266,8002
1627,MZ,74.0,6795,12739
1628,NL,1.0,0,0
1629,NL,2.0,0,0
1630,NL,3.0,0,0
1631,NL,4.0,0,0
1632,NL,5.0,0,0
1633,NL,6.0,0,0
1634,NL,7.0,0,0
1635,NL,8.0,0,0
1636,NL,9.0,0,0
1637,NL,10.0,0,0
1638,NL,11.0,0,0
1639,NL,12.0,0,0
1640,NL,13.0,0,0
1641,NL,14.0,0,0
1642,NL,15.0,0,0
1643,NL,16.0,0,0
1644,NL,17.0,0,0
1645,NL,18.0,0,0
1646,NL,19.0,0,0
1647,NL,20.0,0,0
1648,NL,21.0,0,0
1649,NL,22.0,0,0
1650,NL,23.0,0,0
1651,NL,24.0,0,0
1652,NL,25.0,0,0
1653,NL,26.0,0,0
1654,NL,27.0,0,0
1655,NL,28.0,0,0
1656,NL,29.0,0,0
1657,NL,30.0,0,0
1658,NL,31.0,0,0
1659,NL,32.0,0,0
1660,NL,33.0,0,0
1661,NL,34.0,0,0
1662,NL,35.0,0,0
1663,NL,36.0,0,0
1664,NL,37.0,0,0
1665,NL,38.0,0,0
1666,NL,39.0,0,0
1667,NL,40.0,0,0
1668,NL,41.0,0,0
1669,NL,42.0,0,0
1670,NL,43.0,0,0
1671,NL,44.0,94,0
1672,NL,45.0,1480,0
1673,NL,46.0,1955,0
1674,NL,47.0,563,0
1675,NL,48.0,4949,0
1676,NL,49.0,10760,3438
1677,NL,50.0,7607,1562
1678,NL,51.0,4492,549
1679,NL,52.0,6971,3567
1680,NL,53.0,7507,5901
1681,NL,54.0,8497,5999
1682,NL,55.0,5098,1487
1683,NL,56.0,15361,3643
1684,NL,57.0,33191,4381
1685,NL,58.0,28707,4520
1686,NL,59.0,22323,5243
1687,NL,60.0,12673,6099
1688,NL,61.0,9820,5388
1689,NL,62.0,13442,78
1690,NL,63.0,15068,75
1691,NL,64.0,19283,119
1692,NL,65.0,50681,299
1693,NL,66.0,61452,700
1694,NL,67.0,61613,1797
1695,NL,68.0,52805,9622
1696,NL,69.0,45765,23291
1697,NL,70.0,42855,25080
1698,NL,71.0,47226,22436
1699,NL,72.0,23702,13892
1700,NL,73.0,13878,7811
1701,NL,74.0,9561,10963
1702,OR,1.0,0,0
1703,OR,2.0,0,0
1704,OR,3.0,0,0
1705,OR,4.0,0,0
1706,OR,5.0,0,0
1707,OR,6.0,0,0
1708,OR,7.0,0,0
1709,OR,8.0,0,0
1710,OR,9.0,0,0
1711,OR,10.0,0,0
1712,OR,11.0,0,0
1713,OR,12.0,0,0
1714,OR,13.0,0,0
1715,OR,14.0,0,0
1716,OR,15.0,0,0
1717,OR,16.0,0,0
1718,OR,17.0,0,0
1719,OR,18.0,0,0
1720,OR,19.0,0,0
1721,OR,20.0,0,0
1722,OR,21.0,0,0
1723,OR,22.0,0,0
1724,OR,23.0,0,0
1725,OR,24.0,0,0
1726,OR,25.0,0,0
1727,OR,26.0,0,0
1728,OR,27.0,0,0
1729,OR,28.0,0,0
1730,OR,29.0,0,0
1731,OR,30.0,0,0
1732,OR,31.0,0,0
1733,OR,32.0,0,0
1734,OR,33.0,0,0
1735,OR,34.0,0,0
1736,OR,35.0,0,0
1737,OR,36.0,0,0
1738,OR,37.0,0,0
1739,OR,38.0,0,0
1740,OR,39.0,0,0
1741,OR,40.0,0,0
1742,OR,41.0,0,0
1743,OR,42.0,0,0
1744,OR,43.0,0,0
1745,OR,44.0,3372,0
1746,OR,45.0,84544,0
1747,OR,46.0,68095,0
1748,OR,47.0,60990,0
1749,OR,48.0,138903,3
1750,OR,49.0,56898,68371
1751,OR,50.0,20890,62073
1752,OR,51.0,132857,31118
1753,OR,52.0,219281,103034
1754,OR,53.0,506252,53411
1755,OR,54.0,425595,25014
1756,OR,55.0,639771,43448
1757,OR,56.0,1191725,86788
1758,OR,57.0,648809,117880
1759,OR,58.0,467680,188243
1760,OR,59.0,202157,138583
1761,OR,60.0,117968,198710
1762,OR,61.0,199368,268154
1763,OR,62.0,401468,35873
1764,OR,63.0,575464,29348
1765,OR,64.0,534231,34159
1766,OR,65.0,562409,124540
1767,OR,66.0,663396,176529
1768,OR,67.0,1474917,214195
1769,OR,68.0,475760,181568
1770,OR,69.0,720612,504716
1771,OR,70.0,458861,352267
1772,OR,71.0,579843,528246
1773,OR,72.0,775923,304348
1774,OR,73.0,1110910,232040
1775,OR,74.0,1250972,322072
1776,PB,1.0,0,0
1777,PB,2.0,0,0
1778,PB,3.0,0,0
1779,PB,4.0,0,0
1780,PB,5.0,0,0
1781,PB,6.0,0,0
1782,PB,7.0,0,0
1783,PB,8.0,0,0
1784,PB,9.0,0,0
1785,PB,10.0,0,0
1786,PB,11.0,0,0
1787,PB,12.0,0,0
1788,PB,13.0,0,0
1789,PB,14.0,0,0
1790,PB,15.0,0,0
1791,PB,16.0,0,0
1792,PB,17.0,0,0
1793,PB,18.0,0,0
1794,PB,19.0,0,0
1795,PB,20.0,0,0
1796,PB,21.0,0,0
1797,PB,22.0,0,0
1798,PB,23.0,0,0
1799,PB,24.0,0,0
1800,PB,25.0,0,0
1801,PB,26.0,0,0
1802,PB,27.0,0,0
1803,PB,28.0,0,0
1804,PB,29.0,0,0
1805,PB,30.0,0,0
1806,PB,31.0,0,0
1807,PB,32.0,0,0
1808,PB,33.0,0,0
1809,PB,34.0,0,0
1810,PB,35.0,0,0
1811,PB,36.0,0,0
1812,PB,37.0,0,0
1813,PB,38.0,0,0
1814,PB,39.0,0,0
1815,PB,40.0,0,0
1816,PB,41.0,0,0
1817,PB,42.0,0,0
1818,PB,43.0,0,0
1819,PB,44.0,339,0
1820,PB,45.0,16180,0
1821,PB,46.0,29129,0
1822,PB,47.0,18751,0
1823,PB,48.0,27589,62
1824,PB,49.0,24720,12229
1825,PB,50.0,32491,20203
1826,PB,51.0,59316,13338
1827,PB,52.0,85862,18972
1828,PB,53.0,151231,19958
1829,PB,54.0,207963,16206
1830,PB,55.0,380030,17945
1831,PB,56.0,584632,32394
1832,PB,57.0,527457,55250
1833,PB,58.0,470970,101050
1834,PB,59.0,405841,135508
1835,PB,60.0,251366,142759
1836,PB,61.0,215032,120393
1837,PB,62.0,154749,20148
1838,PB,63.0,163372,35310
1839,PB,64.0,272281,31263
1840,PB,65.0,290780,24039
1841,PB,66.0,165350,33066
1842,PB,67.0,611485,117069
1843,PB,68.0,564016,216170
1844,PB,69.0,334440,158426
1845,PB,70.0,440082,208682
1846,PB,71.0,234134,199921
1847,PB,72.0,472618,212914
1848,PB,73.0,668889,239647
1849,PB,74.0,544924,315711
1850,PY,1.0,0,0
1851,PY,2.0,0,0
1852,PY,3.0,0,0
1853,PY,4.0,0,0
1854,PY,5.0,0,0
1855,PY,6.0,0,0
1856,PY,7.0,0,0
1857,PY,8.0,0,0
1858,PY,9.0,0,0
1859,PY,10.0,0,0
1860,PY,11.0,0,0
1861,PY,12.0,0,0
1862,PY,13.0,0,0
1863,PY,14.0,0,0
1864,PY,15.0,0,0
1865,PY,16.0,0,0
1866,PY,17.0,0,0
1867,PY,18.0,0,0
1868,PY,19.0,0,0
1869,PY,20.0,0,0
1870,PY,21.0,0,0
1871,PY,22.0,0,0
1872,PY,23.0,0,0
1873,PY,24.0,0,0
1874,PY,25.0,0,0
1875,PY,26.0,0,0
1876,PY,27.0,0,0
1877,PY,28.0,0,0
1878,PY,29.0,0,0
1879,PY,30.0,0,0
1880,PY,31.0,0,0
1881,PY,32.0,0,0
1882,PY,33.0,0,0
1883,PY,34.0,0,0
1884,PY,35.0,0,0
1885,PY,36.0,0,0
1886,PY,37.0,0,0
1887,PY,38.0,0,0
1888,PY,39.0,0,0
1889,PY,40.0,0,0
1890,PY,41.0,0,0
1891,PY,42.0,0,0
1892,PY,43.0,0,0
1893,PY,44.0,91,0
1894,PY,45.0,697,0
1895,PY,46.0,1203,0
1896,PY,47.0,895,0
1897,PY,48.0,2202,48
1898,PY,49.0,3638,645
1899,PY,50.0,1021,375
1900,PY,51.0,4668,984
1901,PY,52.0,8145,1351
1902,PY,53.0,14590,1787
1903,PY,54.0,17329,885
1904,PY,55.0,17832,1280
1905,PY,56.0,12729,1883
1906,PY,57.0,62153,3889
1907,PY,58.0,10217,5917
1908,PY,59.0,7909,8976
1909,PY,60.0,6010,10538
1910,PY,61.0,5851,10155
1911,PY,62.0,10247,405
1912,PY,63.0,17850,280
1913,PY,64.0,21649,513
1914,PY,65.0,35886,1184
1915,PY,66.0,78806,3058
1916,PY,67.0,59854,6869
1917,PY,68.0,35283,9080
1918,PY,69.0,24100,34636
1919,PY,70.0,36157,19851
1920,PY,71.0,26270,9889
1921,PY,72.0,24703,6520
1922,PY,73.0,23033,4694
1923,PY,74.0,18666,6396
1924,RJ,1.0,0,0
1925,RJ,2.0,0,0
1926,RJ,3.0,0,0
1927,RJ,4.0,0,0
1928,RJ,5.0,0,0
1929,RJ,6.0,0,0
1930,RJ,7.0,0,0
1931,RJ,8.0,0,0
1932,RJ,9.0,0,0
1933,RJ,10.0,0,0
1934,RJ,11.0,0,0
1935,RJ,12.0,0,0
1936,RJ,13.0,0,0
1937,RJ,14.0,0,0
1938,RJ,15.0,0,0
1939,RJ,16.0,0,0
1940,RJ,17.0,0,0
1941,RJ,18.0,0,0
1942,RJ,19.0,0,0
1943,RJ,20.0,0,0
1944,RJ,21.0,0,0
1945,RJ,22.0,0,0
1946,RJ,23.0,0,0
1947,RJ,24.0,0,0
1948,RJ,25.0,0,0
1949,RJ,26.0,0,0
1950,RJ,27.0,0,0
1951,RJ,28.0,0,0
1952,RJ,29.0,0,0
1953,RJ,30.0,0,0
1954,RJ,31.0,0,0
1955,RJ,32.0,0,0
1956,RJ,33.0,0,0
1957,RJ,34.0,0,0
1958,RJ,35.0,0,0
1959,RJ,36.0,0,0
1960,RJ,37.0,0,0
1961,RJ,38.0,0,0
1962,RJ,39.0,0,0
1963,RJ,40.0,0,0
1964,RJ,41.0,0,0
1965,RJ,42.0,0,0
1966,RJ,43.0,0,0
1967,RJ,44.0,3285,0
1968,RJ,45.0,44630,0
1969,RJ,46.0,260008,0
1970,RJ,47.0,126859,0
1971,RJ,48.0,150788,0
1972,RJ,49.0,187668,36825
1973,RJ,50.0,16240,184117
1974,RJ,51.0,915155,98478
1975,RJ,52.0,648245,124376
1976,RJ,53.0,1127685,189443
1977,RJ,54.0,1112215,27122
1978,RJ,55.0,975225,141525
1979,RJ,56.0,2880719,312989
1980,RJ,57.0,881931,250727
1981,RJ,58.0,967612,543249
1982,RJ,59.0,537635,339558
1983,RJ,60.0,599274,403010
1984,RJ,61.0,716229,332660
1985,RJ,62.0,767046,41975
1986,RJ,63.0,750240,65050
1987,RJ,64.0,776273,126025
1988,RJ,65.0,1828120,116780
1989,RJ,66.0,1206696,55582
1990,RJ,67.0,2710837,407036
1991,RJ,68.0,1138425,540541
1992,RJ,69.0,334966,330302
1993,RJ,70.0,1161326,847280
1994,RJ,71.0,1095512,763765
1995,RJ,72.0,1051186,1218175
1996,RJ,73.0,1738717,747531
1997,RJ,74.0,1821035,739438
1998,SK,1.0,0,0
1999,SK,2.0,0,0
2000,SK,3.0,0,0
2001,SK,4.0,0,0
2002,SK,5.0,0,0
2003,SK,6.0,0,0
2004,SK,7.0,0,0
2005,SK,8.0,0,0
2006,SK,9.0,0,0
2007,SK,10.0,0,0
2008,SK,11.0,0,0
2009,SK,12.0,0,0
2010,SK,13.0,0,0
2011,SK,14.0,0,0
2012,SK,15.0,0,0
2013,SK,16.0,0,0
2014,SK,17.0,0,0
2015,SK,18.0,0,0
2016,SK,19.0,0,0
2017,SK,20.0,0,0
2018,SK,21.0,0,0
2019,SK,22.0,0,0
2020,SK,23.0,0,0
2021,SK,24.0,0,0
2022,SK,25.0,0,0
2023,SK,26.0,0,0
2024,SK,27.0,0,0
2025,SK,28.0,0,0
2026,SK,29.0,0,0
2027,SK,30.0,0,0
2028,SK,31.0,0,0
2029,SK,32.0,0,0
2030,SK,33.0,0,0
2031,SK,34.0,0,0
2032,SK,35.0,0,0
2033,SK,36.0,0,0
2034,SK,37.0,0,0
2035,SK,38.0,0,0
2036,SK,39.0,0,0
2037,SK,40.0,0,0
2038,SK,41.0,0,0
2039,SK,42.0,0,0
2040,SK,43.0,0,0
2041,SK,44.0,7,0
2042,SK,45.0,292,0
2043,SK,46.0,1408,0
2044,SK,47.0,3382,0
2045,SK,48.0,2953,0
2046,SK,49.0,4180,699
2047,SK,50.0,5425,766
2048,SK,51.0,7574,2791
2049,SK,52.0,13895,3329
2050,SK,53.0,12503,2529
2051,SK,54.0,8783,2809
2052,SK,55.0,5816,-261
2053,SK,56.0,33745,2576
2054,SK,57.0,39431,5491
2055,SK,58.0,14185,11141
2056,SK,59.0,7785,11726
2057,SK,60.0,3408,10773
2058,SK,61.0,1428,5225
2059,SK,62.0,8466,43
2060,SK,63.0,4572,16
2061,SK,64.0,676,61
2062,SK,65.0,33676,85
2063,SK,66.0,85132,112
2064,SK,67.0,72812,1686
2065,SK,68.0,44863,23584
2066,SK,69.0,25728,33281
2067,SK,70.0,22258,17637
2068,SK,71.0,17658,8405
2069,SK,72.0,8590,3601
2070,SK,73.0,6523,2638
2071,SK,74.0,3675,7299
2072,TG,1.0,0,0
2073,TG,2.0,0,0
2074,TG,3.0,0,0
2075,TG,4.0,0,0
2076,TG,5.0,0,0
2077,TG,6.0,0,0
2078,TG,7.0,0,0
2079,TG,8.0,0,0
2080,TG,9.0,0,0
2081,TG,10.0,0,0
2082,TG,11.0,0,0
2083,TG,12.0,0,0
2084,TG,13.0,0,0
2085,TG,14.0,0,0
2086,TG,15.0,0,0
2087,TG,16.0,0,0
2088,TG,17.0,0,0
2089,TG,18.0,0,0
2090,TG,19.0,0,0
2091,TG,20.0,0,0
2092,TG,21.0,0,0
2093,TG,22.0,0,0
2094,TG,23.0,0,0
2095,TG,24.0,0,0
2096,TG,25.0,0,0
2097,TG,26.0,0,0
2098,TG,27.0,0,0
2099,TG,28.0,0,0
2100,TG,29.0,0,0
2101,TG,30.0,0,0
2102,TG,31.0,0,0
2103,TG,32.0,0,0
2104,TG,33.0,0,0
2105,TG,34.0,0,0
2106,TG,35.0,0,0
2107,TG,36.0,0,0
2108,TG,37.0,0,0
2109,TG,38.0,0,0
2110,TG,39.0,0,0
2111,TG,40.0,0,0
2112,TG,41.0,0,0
2113,TG,42.0,0,0
2114,TG,43.0,0,0
2115,TG,44.0,465,0
2116,TG,45.0,25718,0
2117,TG,46.0,68817,0
2118,TG,47.0,40977,0
2119,TG,48.0,73813,1929
2120,TG,49.0,67727,77733
2121,TG,50.0,13908,48002
2122,TG,51.0,70657,31052
2123,TG,52.0,101039,49366
2124,TG,53.0,136218,11761
2125,TG,54.0,185426,10709
2126,TG,55.0,401078,18384
2127,TG,56.0,577584,47562
2128,TG,57.0,821537,70783
2129,TG,58.0,915083,136500
2130,TG,59.0,657886,125830
2131,TG,60.0,230705,184711
2132,TG,61.0,61390,249388
2133,TG,62.0,3397,9671
2134,TG,63.0,219348,171938
2135,TG,64.0,602025,56939
2136,TG,65.0,1213222,40586
2137,TG,66.0,1196291,42555
2138,TG,67.0,1165899,91356
2139,TG,68.0,1089154,215383
2140,TG,69.0,478232,285436
2141,TG,70.0,450695,421780
2142,TG,71.0,201798,541368
2143,TG,72.0,179307,542890
2144,TG,73.0,340091,410166
2145,TG,74.0,484202,258336
2146,TN,1.0,0,0
2147,TN,2.0,0,0
2148,TN,3.0,0,0
2149,TN,4.0,0,0
2150,TN,5.0,0,0
2151,TN,6.0,0,0
2152,TN,7.0,0,0
2153,TN,8.0,0,0
2154,TN,9.0,0,0
2155,TN,10.0,0,0
2156,TN,11.0,0,0
2157,TN,12.0,0,0
2158,TN,13.0,0,0
2159,TN,14.0,0,0
2160,TN,15.0,0,0
2161,TN,16.0,0,0
2162,TN,17.0,0,0
2163,TN,18.0,0,0
2164,TN,19.0,0,0
2165,TN,20.0,0,0
2166,TN,21.0,0,0
2167,TN,22.0,0,0
2168,TN,23.0,0,0
2169,TN,24.0,0,0
2170,TN,25.0,0,0
2171,TN,26.0,0,0
2172,TN,27.0,0,0
2173,TN,28.0,0,0
2174,TN,29.0,0,0
2175,TN,30.0,0,0
2176,TN,31.0,0,0
2177,TN,32.0,0,0
2178,TN,33.0,0,0
2179,TN,34.0,0,0
2180,TN,35.0,0,0
2181,TN,36.0,0,0
2182,TN,37.0,0,0
2183,TN,38.0,0,0
2184,TN,39.0,0,0
2185,TN,40.0,0,0
2186,TN,41.0,0,0
2187,TN,42.0,0,0
2188,TN,43.0,0,0
2189,TN,44.0,1084,0
2190,TN,45.0,28247,0
2191,TN,46.0,43984,0
2192,TN,47.0,46383,0
2193,TN,48.0,64735,619
2194,TN,49.0,56824,12568
2195,TN,50.0,26879,20411
2196,TN,51.0,251087,28341
2197,TN,52.0,494105,50931
2198,TN,53.0,615957,59215
2199,TN,54.0,601207,43999
2200,TN,55.0,396825,47559
2201,TN,56.0,418127,102860
2202,TN,57.0,721704,200053
2203,TN,58.0,292346,326332
2204,TN,59.0,265658,374921
2205,TN,60.0,204325,270778
2206,TN,61.0,248194,242048
2207,TN,62.0,234370,47131
2208,TN,63.0,1254075,48674
2209,TN,64.0,1041202,74298
2210,TN,65.0,544122,47790
2211,TN,66.0,1598944,105743
2212,TN,67.0,2029656,193547
2213,TN,68.0,1393072,222690
2214,TN,69.0,503935,208703
2215,TN,70.0,1368796,475555
2216,TN,71.0,1230152,299482
2217,TN,72.0,1484550,388806
2218,TN,73.0,1559457,392722
2219,TN,74.0,1155508,262767
2220,TR,1.0,0,0
2221,TR,2.0,0,0
2222,TR,3.0,0,0
2223,TR,4.0,0,0
2224,TR,5.0,0,0
2225,TR,6.0,0,0
2226,TR,7.0,0,0
2227,TR,8.0,0,0
2228,TR,9.0,0,0
2229,TR,10.0,0,0
2230,TR,11.0,0,0
2231,TR,12.0,0,0
2232,TR,13.0,0,0
2233,TR,14.0,0,0
2234,TR,15.0,0,0
2235,TR,16.0,0,0
2236,TR,17.0,0,0
2237,TR,18.0,0,0
2238,TR,19.0,0,0
2239,TR,20.0,0,0
2240,TR,21.0,0,0
2241,TR,22.0,0,0
2242,TR,23.0,0,0
2243,TR,24.0,0,0
2244,TR,25.0,0,0
2245,TR,26.0,0,0
2246,TR,27.0,0,0
2247,TR,28.0,0,0
2248,TR,29.0,0,0
2249,TR,30.0,0,0
2250,TR,31.0,0,0
2251,TR,32.0,0,0
2252,TR,33.0,0,0
2253,TR,34.0,0,0
2254,TR,35.0,0,0
2255,TR,36.0,0,0
2256,TR,37.0,0,0
2257,TR,38.0,0,0
2258,TR,39.0,0,0
2259,TR,40.0,0,0
2260,TR,41.0,0,0
2261,TR,42.0,0,0
2262,TR,43.0,0,0
2263,TR,44.0,107,0
2264,TR,45.0,3242,0
2265,TR,46.0,17993,0
2266,TR,47.0,10893,0
2267,TR,48.0,29275,334
2268,TR,49.0,19365,11080
2269,TR,50.0,7214,9588
2270,TR,51.0,18629,7932
2271,TR,52.0,25927,18620
2272,TR,53.0,116361,19131
2273,TR,54.0,303750,8267
2274,TR,55.0,83174,3923
2275,TR,56.0,85000,12390
2276,TR,57.0,45278,22711
2277,TR,58.0,54367,77270
2278,TR,59.0,86924,162825
2279,TR,60.0,45448,111604
2280,TR,61.0,32583,40986
2281,TR,62.0,59022,334
2282,TR,63.0,36084,578
2283,TR,64.0,46963,471
2284,TR,65.0,19783,4493
2285,TR,66.0,236415,24532
2286,TR,67.0,510210,36598
2287,TR,68.0,104894,40919
2288,TR,69.0,59108,32856
2289,TR,70.0,82326,44761
2290,TR,71.0,69473,49589
2291,TR,72.0,150211,43390
2292,TR,73.0,45271,14927
2293,TR,74.0,28407,26677
2294,UP,1.0,0,0
2295,UP,2.0,0,0
2296,UP,3.0,0,0
2297,UP,4.0,0,0
2298,UP,5.0,0,0
2299,UP,6.0,0,0
2300,UP,7.0,0,0
2301,UP,8.0,0,0
2302,UP,9.0,0,0
2303,UP,10.0,0,0
2304,UP,11.0,0,0
2305,UP,12.0,0,0
2306,UP,13.0,0,0
2307,UP,14.0,0,0
2308,UP,15.0,0,0
2309,UP,16.0,0,0
2310,UP,17.0,0,0
2311,UP,18.0,0,0
2312,UP,19.0,0,0
2313,UP,20.0,0,0
2314,UP,21.0,0,0
2315,UP,22.0,0,0
2316,UP,23.0,0,0
2317,UP,24.0,0,0
2318,UP,25.0,0,0
2319,UP,26.0,0,0
2320,UP,27.0,0,0
2321,UP,28.0,0,0
2322,UP,29.0,0,0
2323,UP,30.0,0,0
2324,UP,31.0,0,0
2325,UP,32.0,0,0
2326,UP,33.0,0,0
2327,UP,34.0,0,0
2328,UP,35.0,0,0
2329,UP,36.0,0,0
2330,UP,37.0,0,0
2331,UP,38.0,0,0
2332,UP,39.0,0,0
2333,UP,40.0,0,0
2334,UP,41.0,0,0
2335,UP,42.0,0,0
2336,UP,43.0,0,0
2337,UP,44.0,2077,0
2338,UP,45.0,26689,0
2339,UP,46.0,377742,0
2340,UP,47.0,192441,0
2341,UP,48.0,210539,2
2342,UP,49.0,258696,94342
2343,UP,50.0,136801,268953
2344,UP,51.0,191735,132692
2345,UP,52.0,514627,85889
2346,UP,53.0,1202095,258318
2347,UP,54.0,1017340,117565
2348,UP,55.0,1073959,42188
2349,UP,56.0,1636508,163794
2350,UP,57.0,1732843,353626
2351,UP,58.0,641153,367528
2352,UP,59.0,522262,353452
2353,UP,60.0,559111,389701
2354,UP,61.0,766393,452609
2355,UP,62.0,1136879,76774
2356,UP,63.0,1575266,96308
2357,UP,64.0,1985183,170063
2358,UP,65.0,2422076,156387
2359,UP,66.0,2284096,214367
2360,UP,67.0,4280536,283601
2361,UP,68.0,1547905,479390
2362,UP,69.0,3376116,929226
2363,UP,70.0,2317340,690881
2364,UP,71.0,3154024,654554
2365,UP,72.0,3102562,552947
2366,UP,73.0,4419506,572164
2367,UP,74.0,2850426,752376
2368,UT,1.0,0,0
2369,UT,2.0,0,0
2370,UT,3.0,0,0
2371,UT,4.0,0,0
2372,UT,5.0,0,0
2373,UT,6.0,0,0
2374,UT,7.0,0,0
2375,UT,8.0,0,0
2376,UT,9.0,0,0
2377,UT,10.0,0,0
2378,UT,11.0,0,0
2379,UT,12.0,0,0
2380,UT,13.0,0,0
2381,UT,14.0,0,0
2382,UT,15.0,0,0
2383,UT,16.0,0,0
2384,UT,17.0,0,0
2385,UT,18.0,0,0
2386,UT,19.0,0,0
2387,UT,20.0,0,0
2388,UT,21.0,0,0
2389,UT,22.0,0,0
2390,UT,23.0,0,0
2391,UT,24.0,0,0
2392,UT,25.0,0,0
2393,UT,26.0,0,0
2394,UT,27.0,0,0
2395,UT,28.0,0,0
2396,UT,29.0,0,0
2397,UT,30.0,0,0
2398,UT,31.0,0,0
2399,UT,32.0,0,0
2400,UT,33.0,0,0
2401,UT,34.0,0,0
2402,UT,35.0,0,0
2403,UT,36.0,0,0
2404,UT,37.0,0,0
2405,UT,38.0,0,0
2406,UT,39.0,0,0
2407,UT,40.0,0,0
2408,UT,41.0,0,0
2409,UT,42.0,0,0
2410,UT,43.0,0,0
2411,UT,44.0,511,0
2412,UT,45.0,2727,0
2413,UT,46.0,20684,0
2414,UT,47.0,46416,0
2415,UT,48.0,39628,403
2416,UT,49.0,28286,7886
2417,UT,50.0,9846,12215
2418,UT,51.0,42864,35259
2419,UT,52.0,66264,29830
2420,UT,53.0,119424,27835
2421,UT,54.0,122378,10289
2422,UT,55.0,225500,15864
2423,UT,56.0,380519,39425
2424,UT,57.0,219846,61996
2425,UT,58.0,194108,91544
2426,UT,59.0,155973,91535
2427,UT,60.0,93767,156907
2428,UT,61.0,196189,99421
2429,UT,62.0,126923,618
2430,UT,63.0,116421,2054
2431,UT,64.0,130434,3882
2432,UT,65.0,252104,7837
2433,UT,66.0,218938,37386
2434,UT,67.0,616128,35808
2435,UT,68.0,238405,95017
2436,UT,69.0,235014,127012
2437,UT,70.0,136605,175502
2438,UT,71.0,174450,150844
2439,UT,72.0,260427,119842
2440,UT,73.0,552522,138712
2441,UT,74.0,472556,147531
2442,WB,1.0,0,0
2443,WB,2.0,0,0
2444,WB,3.0,0,0
2445,WB,4.0,0,0
2446,WB,5.0,0,0
2447,WB,6.0,0,0
2448,WB,7.0,0,0
2449,WB,8.0,0,0
2450,WB,9.0,0,0
2451,WB,10.0,0,0
2452,WB,11.0,0,0
2453,WB,12.0,0,0
2454,WB,13.0,0,0
2455,WB,14.0,0,0
2456,WB,15.0,0,0
2457,WB,16.0,0,0
2458,WB,17.0,0,0
2459,WB,18.0,0,0
2460,WB,19.0,0,0
2461,WB,20.0,0,0
2462,WB,21.0,0,0
2463,WB,22.0,0,0
2464,WB,23.0,0,0
2465,WB,24.0,0,0
2466,WB,25.0,0,0
2467,WB,26.0,0,0
2468,WB,27.0,0,0
2469,WB,28.0,0,0
2470,WB,29.0,0,0
2471,WB,30.0,0,0
2472,WB,31.0,0,0
2473,WB,32.0,0,0
2474,WB,33.0,0,0
2475,WB,34.0,0,0
2476,WB,35.0,0,0
2477,WB,36.0,0,0
2478,WB,37.0,0,0
2479,WB,38.0,0,0
2480,WB,39.0,0,0
2481,WB,40.0,0,0
2482,WB,41.0,0,0
2483,WB,42.0,0,0
2484,WB,43.0,0,0
2485,WB,44.0,1744,0
2486,WB,45.0,39846,0
2487,WB,46.0,168118,0
2488,WB,47.0,107424,0
2489,WB,48.0,152039,1084
2490,WB,49.0,135197,42451
2491,WB,50.0,326763,92625
2492,WB,51.0,335278,97228
2493,WB,52.0,681075,117236
2494,WB,53.0,1018768,120650
2495,WB,54.0,1053149,126258
2496,WB,55.0,1106062,93389
2497,WB,56.0,1656485,207943
2498,WB,57.0,594460,239780
2499,WB,58.0,643730,533696
2500,WB,59.0,455915,642898
2501,WB,60.0,128640,741103
2502,WB,61.0,125300,576434
2503,WB,62.0,312827,96703
2504,WB,63.0,1100903,48521
2505,WB,64.0,1649818,76427
2506,WB,65.0,1439648,96276
2507,WB,66.0,1106868,215651
2508,WB,67.0,1610725,447386
2509,WB,68.0,806904,718006
2510,WB,69.0,566980,882006
2511,WB,70.0,825736,1079346
2512,WB,71.0,930048,718597
2513,WB,72.0,1333075,478026
2514,WB,73.0,2083043,379289
2515,WB,74.0,1824256,309894
